Date Type,Date,Program,Total Doses Administered Daily,Daily Count People Receiving Dose 1,Daily Count People Receiving Dose 2,Total Doses Administered Cumulative,People Receiving 1 or More Doses Cumulative,People Receiving 2 Doses Cumulative,7-Day Avg Daily Count Dose 1,7-Day Avg Total Doses Daily,7-Day Avg Daily Count Dose 2,Total Doses Administered Daily Change,7-Day Avg Total Doses Administered Daily Change,Daily Count of People Fully Vaccinated,People with at least One Dose Cumulative,People Fully Vaccinated Cumulative,7-Day Avg Daily Count of People Fully Vaccinated
Admin,12/13/20,US,12653,11130,1355,12653,11130,1355,11130,12653,1355,null,null,1427,11130,1427,1427
Report,12/13/20,US,null,null,null,null,null,null,null,null,null,0,0,null,null,null,null
Admin,12/13/20,LTC,229,229,0,229,229,0,229,229,0,null,null,0,229,0,0
Admin,12/14/20,US,3789,3661,5,16442,14791,1360,7396,8221,680,null,null,23,14791,1450,725
Report,12/14/20,US,null,null,null,null,null,null,null,null,null,509,255,null,null,null,null
Admin,12/14/20,LTC,0,0,0,229,229,0,115,114,0,null,null,0,229,0,0
Admin,12/15/20,US,49527,46058,26,65969,60849,1386,20283,21989,462,null,null,46,60849,1496,498
Report,12/15/20,US,null,null,null,null,null,null,null,null,null,12129,4213,null,null,null,null
Admin,12/15/20,LTC,0,0,0,229,229,0,76,76,0,null,null,0,229,0,0
Admin,12/16/20,US,159506,152593,205,225475,213442,1591,53361,56368,398,null,null,225,213442,1721,430
Report,12/16/20,US,null,null,null,null,null,null,null,null,null,38996,12909,null,null,null,null
Admin,12/16/20,LTC,0,0,0,229,229,0,57,57,0,null,null,0,229,0,0
Admin,12/17/20,US,272261,261212,513,497736,474654,2104,94931,99547,421,null,null,533,474654,2254,450
Report,12/17/20,US,null,null,null,null,null,null,null,null,null,75708,25468,null,null,null,null
Admin,12/17/20,LTC,5,5,0,234,234,0,47,46,0,null,null,0,234,0,0
Admin,12/18/20,US,414723,402921,637,912459,877575,2741,146263,152076,457,null,null,638,877575,2892,482
Report,12/18/20,US,null,null,null,null,null,null,null,null,null,126800,42357,null,null,null,null
Admin,12/18/20,LTC,1518,1319,0,1752,1553,0,259,292,0,null,null,0,1553,0,0
Admin,12/19/20,US,180853,175990,738,1093312,1053565,3479,150509,156187,497,null,null,739,1053565,3631,518
Report,12/19/20,US,null,null,null,null,null,null,null,null,null,187508,63093,null,null,null,null
Admin,12/19/20,LTC,323,323,0,2075,1876,0,268,296,0,null,null,0,1876,0,0
Admin,12/20/20,US,103507,101161,512,1196819,1154726,3991,163371,169166,377,null,null,548,1154726,4179,393
Report,12/20/20,US,null,null,null,null,null,null,null,null,null,209853,93072,null,null,null,null
Admin,12/20/20,LTC,211,211,0,2286,2087,0,265,293,0,null,null,0,2087,0,0
Admin,12/21/20,US,378706,370037,854,1575525,1524763,4845,215710,222726,498,null,null,858,1524763,5037,512
Report,12/21/20,US,null,null,null,null,null,null,null,null,null,149957,114422,null,null,null,null
Admin,12/21/20,LTC,14166,14002,0,16452,16089,0,2266,2317,0,null,null,0,16089,0,0
Admin,12/22/20,US,445557,436128,2097,2021082,1960891,6942,271435,279301,794,null,null,2100,1960891,7137,805
Report,12/22/20,US,null,null,null,null,null,null,null,null,null,189722,139792,null,null,null,null
Admin,12/22/20,LTC,16783,16561,9,33235,32650,9,4632,4715,1,null,null,9,32650,9,1
Admin,12/23/20,US,565543,553281,1697,2586625,2514172,8639,328676,337307,1007,null,null,1699,2514172,8836,1016
Report,12/23/20,US,null,null,null,null,null,null,null,null,null,368173,186817,null,null,null,null
Admin,12/23/20,LTC,22752,20181,13,55987,52831,22,7515,7965,3,null,null,13,52831,22,3
Admin,12/24/20,US,193416,187794,882,2780041,2701966,9521,318187,326043,1060,null,null,885,2701966,9721,1066
Report,12/24/20,US,null,null,null,null,null,null,null,null,null,338436,224350,null,null,null,null
Admin,12/24/20,LTC,2042,2026,16,58029,54857,38,7803,8256,5,null,null,16,54857,38,5
Admin,12/25/20,US,12089,11977,54,2792130,2713943,9575,262338,268524,976,null,null,54,2713943,9775,983
Report,12/25/20,US,null,null,null,null,null,null,null,null,null,336145,254256,null,null,null,null
Admin,12/25/20,LTC,115,115,0,58144,54972,38,7631,8056,5,null,null,0,54972,38,5
Admin,12/26/20,US,137844,135264,375,2929974,2849207,9950,256520,262380,924,null,null,378,2849207,10153,931
Report,12/26/20,US,null,null,null,null,null,null,null,null,null,156478,249823,null,null,null,null
Admin,12/26/20,LTC,9368,9241,13,67512,64213,51,8905,9348,7,null,null,13,64213,51,7
Admin,12/27/20,US,92835,90868,340,3022809,2940075,10290,255050,260855,900,null,null,387,2940075,10540,908
Report,12/27/20,US,null,null,null,null,null,null,null,null,null,61992,228700,null,null,null,null
Admin,12/27/20,LTC,8952,8825,8,76464,73038,59,10136,10596,8,null,null,8,73038,59,8
Admin,12/28/20,US,574647,560256,2388,3597456,3500331,12678,282224,288847,1119,null,null,2393,3500331,12933,1128
Report,12/28/20,US,null,null,null,null,null,null,null,null,null,156220,229595,null,null,null,null
Admin,12/28/20,LTC,59766,59154,22,136230,132192,81,16586,17111,12,null,null,22,132192,81,11
Admin,12/29/20,US,703639,682230,3104,4301095,4182561,15782,317381,325716,1263,null,null,3109,4182561,16042,1272
Report,12/29/20,US,null,null,null,null,null,null,null,null,null,314677,247446,null,null,null,null
Admin,12/29/20,LTC,79534,78400,75,215764,210592,156,25420,26075,21,null,null,75,210592,156,21
Admin,12/30/20,US,822567,799015,5615,5123662,4981576,21397,352486,362433,1823,null,null,5620,4981576,21662,1832
Report,12/30/20,US,null,null,null,null,null,null,null,null,null,441549,257928,null,null,null,null
Admin,12/30/20,LTC,77475,76378,247,293239,286970,403,33448,33893,54,null,null,247,286970,403,54
Admin,12/31/20,US,413495,401756,2094,5537157,5383332,23491,383052,393873,1996,null,null,2095,5383332,23757,2005
Report,12/31/20,US,null,null,null,null,null,null,null,null,null,573278,291477,null,null,null,null
Admin,12/31/20,LTC,16134,16057,70,309373,303027,473,35453,35906,62,null,null,70,303027,473,62
Admin,1/1/21,US,47953,45436,1697,5585110,5428768,25188,387832,398997,2230,null,null,1779,5428768,25536,2251
Report,1/1/21,US,null,null,null,null,null,null,null,null,null,434528,305532,null,null,null,null
Admin,1/1/21,LTC,1609,1605,4,310982,304632,477,35666,36119,63,null,null,4,304632,477,62
Admin,1/2/21,US,249733,242746,2265,5834843,5671514,27453,403187,414981,2500,null,null,2272,5671514,27808,2522
Report,1/2/21,US,null,null,null,null,null,null,null,null,null,290402,324664,null,null,null,null
Admin,1/2/21,LTC,46550,45834,38,357532,350466,515,40893,41431,66,null,null,38,350466,515,66
Admin,1/3/21,US,129766,123457,2128,5964609,5794971,29581,407842,420257,2756,null,null,2130,5794971,29938,2771
Report,1/3/21,US,null,null,null,null,null,null,null,null,null,185279,342276,null,null,null,null
Admin,1/3/21,LTC,32562,31876,57,390094,382342,572,44186,44804,73,null,null,57,382342,572,73
Admin,1/4/21,US,629234,574065,42245,6593843,6369036,71826,409815,428055,8450,null,null,42259,6369036,72197,8466
Report,1/4/21,US,null,null,null,null,null,null,null,null,null,239472,354169,null,null,null,null
Admin,1/4/21,LTC,85829,84933,58,475923,467275,630,47869,48527,78,null,null,58,467275,630,78
Admin,1/5/21,US,793482,697580,82506,7387325,7066616,154332,412008,440890,19793,null,null,82519,7066616,154716,19810
Report,1/5/21,US,null,null,null,null,null,null,null,null,null,337114,357375,null,null,null,null
Admin,1/5/21,LTC,96715,96116,103,572638,563391,733,50400,50982,82,null,null,103,563391,733,82
Admin,1/6/21,US,988618,804904,166349,8375943,7871520,320681,412849,464611,42755,null,null,166370,7871520,321086,42774
Report,1/6/21,US,null,null,null,null,null,null,null,null,null,600055,380018,null,null,null,null
Admin,1/6/21,LTC,94874,93986,175,667512,657377,908,52915,53467,72,null,null,175,657377,908,72
Admin,1/7/21,US,1125847,834780,269518,9501790,8706300,590199,474710,566376,80958,null,null,269529,8706300,590615,80979
Report,1/7/21,US,null,null,null,null,null,null,null,null,null,730700,402507,null,null,null,null
Admin,1/7/21,LTC,123189,122008,341,790701,779385,1249,68051,68761,111,null,null,341,779385,1249,110
Admin,1/8/21,US,1189750,815836,350927,10691540,9522136,941126,584767,729490,130848,null,null,350946,9522136,941561,130860
Report,1/8/21,US,null,null,null,null,null,null,null,null,null,870465,464784,null,null,null,null
Admin,1/8/21,LTC,113933,111848,1248,904634,891233,2497,83800,84807,289,null,null,1248,891233,2497,288
Admin,1/9/21,US,488240,356790,123867,11179780,9878926,1064993,601059,763562,148220,null,null,123871,9878926,1065432,148232
Report,1/9/21,US,null,null,null,null,null,null,null,null,null,790484,536224,null,null,null,null
Admin,1/9/21,LTC,50578,49662,337,955212,940895,2834,84347,85382,331,null,null,337,940895,2834,331
Admin,1/10/21,US,237912,167306,66998,11417692,10046232,1131991,607323,779011,157487,null,null,67008,10046232,1132440,157500
Report,1/10/21,US,null,null,null,null,null,null,null,null,null,727095,613626,null,null,null,null
Admin,1/10/21,LTC,35532,35039,283,990744,975934,3117,84799,85807,364,null,null,283,975934,3117,363
Admin,1/11/21,US,1028579,696013,313586,12446271,10742245,1445577,624744,836061,196250,null,null,313601,10742245,1446041,196263
Report,1/11/21,US,null,null,null,null,null,null,null,null,null,419440,639336,null,null,null,null
Admin,1/11/21,LTC,143416,131138,11374,1134160,1107072,14491,91400,94033,1980,null,null,11374,1107072,14491,1980
Admin,1/12/21,US,1205621,880128,305356,13651892,11622373,1750933,650822,894938,228086,null,null,305377,11622373,1751418,228100
Report,1/12/21,US,null,null,null,null,null,null,null,null,null,516858,665014,null,null,null,null
Admin,1/12/21,LTC,156440,142098,13410,1290600,1249170,27901,97968,102566,3881,null,null,13410,1249170,27901,3881
Admin,1/13/21,US,1278531,996345,263670,14930423,12618718,2014603,678171,936354,241989,null,null,263682,12618718,2015100,242002
Report,1/13/21,US,null,null,null,null,null,null,null,null,null,987485,720361,null,null,null,null
Admin,1/13/21,LTC,159903,143234,15805,1450503,1392404,43706,105004,111855,6114,null,null,15805,1392404,43706,6114
Admin,1/14/21,US,1268140,1122203,129122,16198563,13740921,2143725,719232,956681,221932,null,null,129132,13740921,2144232,221945
Report,1/14/21,US,null,null,null,null,null,null,null,null,null,1093867,772242,null,null,null,null
Admin,1/14/21,LTC,141345,137739,2986,1591848,1530143,46692,107251,114449,6492,null,null,2986,1530143,46692,6491
Admin,1/15/21,US,1214603,1087938,113747,17413166,14828859,2257472,758103,960232,188049,null,null,113765,14828859,2257997,188062
Report,1/15/21,US,null,null,null,null,null,null,null,null,null,956233,784495,null,null,null,null
Admin,1/15/21,LTC,112906,110398,1463,1704754,1640541,48155,107044,114302,6523,null,null,1463,1640541,48155,6522
Admin,1/16/21,US,629514,556487,67882,18042680,15385346,2325354,786631,980414,180052,null,null,67892,15385346,2325889,180065
Report,1/16/21,US,null,null,null,null,null,null,null,null,null,1141043,834574,null,null,null,null
Admin,1/16/21,LTC,64401,56659,7070,1769155,1697200,55225,108044,116277,7484,null,null,7070,1697200,55225,7484
Admin,1/17/21,US,292721,250990,39464,18335401,15636336,2364818,798586,988244,176118,null,null,39466,15636336,2365355,176130
Report,1/17/21,US,null,null,null,null,null,null,null,null,null,856109,853005,null,null,null,null
Admin,1/17/21,LTC,49113,43212,5653,1818268,1740412,60878,109211,118217,8252,null,null,5653,1740412,60878,8251
Admin,1/18/21,US,838343,616233,215345,19173744,16252569,2580163,787189,961067,162084,null,null,215363,16252569,2580718,162096
Report,1/18/21,US,null,null,null,null,null,null,null,null,null,548050,871378,null,null,null,null
Admin,1/18/21,LTC,170394,129289,40503,1988662,1869701,101381,108947,122071,12413,null,null,40503,1869701,101381,12412
Admin,1/19/21,US,1296860,944573,336379,20470604,17197142,2916542,796396,974101,166516,null,null,336387,17197142,2917105,166526
Report,1/19/21,US,null,null,null,null,null,null,null,null,null,621154,886277,null,null,null,null
Admin,1/19/21,LTC,180319,132004,47613,2168981,2001705,148994,107505,125483,17299,null,null,47613,2001705,148994,17299
Admin,1/20/21,US,1561576,1139767,402068,22032180,18336909,3318610,816884,1014536,186287,null,null,402078,18336909,3319183,186297
Report,1/20/21,US,null,null,null,null,null,null,null,null,null,441318,808253,null,null,null,null
Admin,1/20/21,LTC,190992,146846,43419,2359973,2148551,192413,108021,129924,21244,null,null,43419,2148551,192413,21243
Admin,1/21/21,US,1577397,1299074,257485,23609577,19635983,3576095,842152,1058716,204624,null,null,257510,19635983,3576693,204637
Report,1/21/21,US,null,null,null,null,null,null,null,null,null,1021093,797857,null,null,null,null
Admin,1/21/21,LTC,144246,132683,10983,2504219,2281234,203396,107299,130338,22386,null,null,10983,2281234,203396,22386
Admin,1/22/21,US,1573231,1356948,197896,25182808,20992931,3773991,880582,1109948,216646,null,null,197910,20992931,3774603,216658
Report,1/22/21,US,null,null,null,null,null,null,null,null,null,1561585,884336,null,null,null,null
Admin,1/22/21,LTC,127062,122109,4472,2631281,2403343,207868,108972,132361,22816,null,null,4472,2403343,207868,22816
Admin,1/23/21,US,880422,727459,142098,26063230,21720390,3916089,905006,1145792,227248,null,null,142106,21720390,3916709,227260
Report,1/23/21,US,null,null,null,null,null,null,null,null,null,1430031,925620,null,null,null,null
Admin,1/23/21,LTC,96546,68037,28033,2727827,2471380,235901,110597,136953,25811,null,null,28033,2471380,235901,25810
Admin,1/24/21,US,381380,293966,82474,26444610,22014356,3998563,911146,1158458,233392,null,null,82478,22014356,3999187,233404
Report,1/24/21,US,null,null,null,null,null,null,null,null,null,1310665,990557,null,null,null,null
Admin,1/24/21,LTC,63329,43638,19360,2791156,2515018,255261,110658,138984,27769,null,null,19361,2515018,255262,27769
Admin,1/25/21,US,1308650,832015,459241,27753260,22846371,4457804,941972,1225645,268234,null,null,459252,22846371,4458439,268245
Report,1/25/21,US,null,null,null,null,null,null,null,null,null,885588,1038776,null,null,null,null
Admin,1/25/21,LTC,184710,125892,57751,2975866,2640910,313012,110173,141029,30233,null,null,57751,2640910,313013,30233
Admin,1/26/21,US,1608296,1034462,552193,29361556,23880833,5009997,954813,1270136,299065,null,null,552207,23880833,5010646,299077
Report,1/26/21,US,null,null,null,null,null,null,null,null,null,806751,1065290,null,null,null,null
Admin,1/26/21,LTC,205028,134046,70258,3180894,2774956,383270,110464,144559,33468,null,null,70258,2774956,383271,33468
Admin,1/27/21,US,1864872,1221235,615602,31226428,25102068,5625599,966451,1313464,329570,null,null,615616,25102068,5626262,329582
Report,1/27/21,US,null,null,null,null,null,null,null,null,null,1111640,1161050,null,null,null,null
Admin,1/27/21,LTC,212062,140774,70614,3392956,2915730,453884,109597,147569,37353,null,null,70614,2915730,453885,37353
Admin,1/28/21,US,1889083,1341847,525249,33115511,26443915,6150848,972562,1357990,367822,null,null,525279,26443915,6151541,367835
Report,1/28/21,US,null,null,null,null,null,null,null,null,null,1541048,1235330,null,null,null,null
Admin,1/28/21,LTC,190729,118649,71375,3583685,3034379,525259,107592,154209,45980,null,null,71375,3034379,525260,45980
Admin,1/29/21,US,1840915,1335800,468763,34956426,27779715,6619611,969541,1396231,406517,null,null,468778,27779715,6620319,406530
Report,1/29/21,US,null,null,null,null,null,null,null,null,null,1690979,1253815,null,null,null,null
Admin,1/29/21,LTC,177839,114183,63145,3761524,3148562,588404,106460,161463,54362,null,null,63145,3148562,588405,54362
Admin,1/30/21,US,988218,746926,228660,35944644,28526641,6848271,972322,1411630,418883,null,null,228662,28526641,6848981,418896
Report,1/30/21,US,null,null,null,null,null,null,null,null,null,1693241,1291416,null,null,null,null
Admin,1/30/21,LTC,96415,61032,34954,3857939,3209594,623358,105459,161444,55351,null,null,34954,3209594,623359,55351
Admin,1/31/21,US,442489,319269,117236,36387133,28845910,6965507,975936,1420360,423849,null,null,117241,28845910,6966222,423862
Report,1/31/21,US,null,null,null,null,null,null,null,null,null,1545397,1324949,null,null,null,null
Admin,1/31/21,LTC,67491,42682,24482,3925430,3252276,647840,105323,162039,56083,null,null,24482,3252276,647841,56082
Admin,2/1/21,US,1265379,718438,525766,37652512,29564348,7491273,959711,1414178,433353,null,null,525860,29564348,7492082,433377
Report,2/1/21,US,null,null,null,null,null,null,null,null,null,1099103,1355451,null,null,null,null
Admin,2/1/21,LTC,174334,88370,85052,4099764,3340646,732892,99962,160556,59983,null,null,85052,3340646,732893,59982
Admin,2/2/21,US,1614336,936371,657561,39266848,30500719,8148834,945698,1415041,448405,null,null,657601,30500719,8149683,448433
Report,2/2/21,US,null,null,null,null,null,null,null,null,null,558458,1319981,null,null,null,null
Admin,2/2/21,LTC,188411,96504,90442,4288175,3437150,823334,94599,158183,62866,null,null,90442,3437150,823335,62866
Admin,2/3/21,US,2058408,1238304,791477,41325256,31739023,8940311,948136,1442689,473530,null,null,791503,31739023,8941186,473560
Report,2/3/21,US,null,null,null,null,null,null,null,null,null,1097394,1317946,null,null,null,null
Admin,2/3/21,LTC,199877,101264,96839,4488052,3538414,920173,88955,156442,66613,null,null,96839,3538414,920174,66612
Admin,2/4/21,US,2250070,1358994,864685,43575326,33098017,9804996,950586,1494259,522021,null,null,864727,33098017,9805913,522053
Report,2/4/21,US,null,null,null,null,null,null,null,null,null,1325456,1287147,null,null,null,null
Admin,2/4/21,LTC,203797,99593,103334,4691849,3638007,1023507,86233,158309,71178,null,null,103334,3638007,1023508,71178
Admin,2/5/21,US,2257556,1327965,908303,45832882,34425982,10713299,949467,1553779,584813,null,null,908340,34425982,10714253,584847
Report,2/5/21,US,null,null,null,null,null,null,null,null,null,1615502,1276364,null,null,null,null
Admin,2/5/21,LTC,208559,110408,96586,4900408,3748415,1120093,85693,162697,75956,null,null,96586,3748415,1120094,75955
Admin,2/6/21,US,1252807,838447,401948,47085689,35264429,11115247,962541,1591577,609568,null,null,401980,35264429,11116233,609607
Report,2/6/21,US,null,null,null,null,null,null,null,null,null,2218752,1351437,null,null,null,null
Admin,2/6/21,LTC,111062,60653,49619,5011470,3809068,1169712,85639,164790,78051,null,null,49619,3809068,1169713,78050
Admin,2/7/21,US,430819,276238,148019,47516508,35540667,11263266,956394,1589910,613966,null,null,148032,35540667,11264265,614006
Report,2/7/21,US,null,null,null,null,null,null,null,null,null,2172973,1441091,null,null,null,null
Admin,2/7/21,LTC,65482,30165,34755,5076952,3839233,1204467,83851,164503,79518,null,null,34755,3839233,1204468,79518
Admin,2/8/21,US,1493428,816523,662482,49009936,36357190,11925748,970406,1622489,633496,null,null,662515,36357190,11926780,633528
Report,2/8/21,US,null,null,null,null,null,null,null,null,null,1206680,1456459,null,null,null,null
Admin,2/8/21,LTC,161703,73299,87008,5238655,3912532,1291475,81698,162698,79798,null,null,87008,3912532,1291476,79797
Admin,2/9/21,US,1878588,1016355,846536,50888524,37373545,12772284,981832,1660239,660493,null,null,846572,37373545,12773352,660524
Report,2/9/21,US,null,null,null,null,null,null,null,null,null,788573,1489333,null,null,null,null
Admin,2/9/21,LTC,169321,74794,93095,5407976,3987326,1384570,78597,159971,80177,null,null,93095,3987326,1384571,80176
Admin,2/10/21,US,2193507,1197127,979101,53082031,38570672,13751385,975950,1679539,687296,null,null,979141,38570672,13752493,687329
Report,2/10/21,US,null,null,null,null,null,null,null,null,null,1563780,1555959,null,null,null,null
Admin,2/10/21,LTC,162425,61113,99402,5570401,4048439,1483972,72861,154621,80543,null,null,99402,4048439,1483973,80542
Admin,2/11/21,US,2296571,1243605,1033339,55378602,39814277,14784724,959466,1686182,711390,null,null,1033393,39814277,14785886,711424
Report,2/11/21,US,null,null,null,null,null,null,null,null,null,1620300,1598080,null,null,null,null
Admin,2/11/21,LTC,159904,62525,96062,5730305,4110964,1580034,67565,148350,79504,null,null,96062,4110964,1580035,79503
Admin,2/12/21,US,2477441,1344874,1104368,57856043,41159151,15889092,961881,1717594,739399,null,null,1104428,41159151,15890314,739437
Report,2/12/21,US,null,null,null,null,null,null,null,null,null,2020288,1655907,null,null,null,null
Admin,2/12/21,LTC,171520,84304,86118,5901825,4195268,1666152,63836,143059,78008,null,null,86118,4195268,1666153,78008
Admin,2/13/21,US,1415523,843090,555852,59271566,42002241,16444944,962545,1740839,761385,null,null,555890,42002241,16446204,761424
Report,2/13/21,US,null,null,null,null,null,null,null,null,null,2231326,1657703,null,null,null,null
Admin,2/13/21,LTC,85371,42615,42279,5987196,4237883,1708431,61259,139389,76960,null,null,42279,4237883,1708432,76959
Admin,2/14/21,US,561733,333186,219361,59833299,42335427,16664305,970680,1759541,771577,null,null,219369,42335427,16665573,771615
Report,2/14/21,US,null,null,null,null,null,null,null,null,null,2242472,1667631,null,null,null,null
Admin,2/14/21,LTC,53842,25052,27986,6041038,4262935,1736417,60529,137726,75993,null,null,27986,4262935,1736418,75992
Admin,2/15/21,US,1116022,597717,499789,60949321,42933144,17164094,939422,1705626,748335,null,null,499837,42933144,17165410,748375
Report,2/15/21,US,null,null,null,null,null,null,null,null,null,1376214,1691850,null,null,null,null
Admin,2/15/21,LTC,105701,38417,66539,6146739,4301352,1802956,55546,129726,73069,null,null,66539,4301352,1802957,73068
Admin,2/16/21,US,1559529,784337,753511,62508850,43717481,17917605,906277,1660046,735046,null,null,753546,43717481,17918956,735086
Report,2/16/21,US,null,null,null,null,null,null,null,null,null,959794,1716311,null,null,null,null
Admin,2/16/21,LTC,113326,42362,70009,6260065,4343714,1872965,50913,121727,69771,null,null,70009,4343714,1872966,69770
Admin,2/17/21,US,1896476,920236,953776,64405326,44637717,18871381,866721,1617613,731428,null,null,953826,44637717,18872782,731469
Report,2/17/21,US,null,null,null,null,null,null,null,null,null,1061463,1644551,null,null,null,null
Admin,2/17/21,LTC,117841,40662,75837,6377906,4384376,1948802,47991,115357,66404,null,null,75837,4384376,1948803,66404
Admin,2/18/21,US,1774661,819073,929216,66179987,45456790,19800597,806073,1543055,716553,null,null,929288,45456790,19802070,716597
Report,2/18/21,US,null,null,null,null,null,null,null,null,null,1455940,1621071,null,null,null,null
Admin,2/18/21,LTC,111675,36782,73317,6489581,4421158,2022119,44313,108468,63155,null,null,73317,4421158,2022120,63155
Admin,2/19/21,US,1883387,816349,1040338,68063374,46273139,20840935,730570,1458190,707406,null,null,1040483,46273139,20842553,707462
Report,2/19/21,US,null,null,null,null,null,null,null,null,null,1847276,1596355,null,null,null,null
Admin,2/19/21,LTC,111951,37372,73164,6601532,4458530,2095283,37609,99958,61304,null,null,73164,4458530,2095284,61304
Admin,2/20/21,US,1255020,590472,648546,69318394,46863611,21489481,694481,1435261,720648,null,null,648579,46863611,21491132,720704
Report,2/20/21,US,null,null,null,null,null,null,null,null,null,1704457,1521088,null,null,null,null
Admin,2/20/21,LTC,60610,19359,40655,6662142,4477889,2135938,34287,96420,61072,null,null,40655,4477889,2135939,61072
Admin,2/21/21,US,552175,241441,301284,69870569,47105052,21790765,681375,1433895,732351,null,null,301323,47105052,21792455,732411
Report,2/21/21,US,null,null,null,null,null,null,null,null,null,1801134,1458040,null,null,null,null
Admin,2/21/21,LTC,42311,12807,29004,6704453,4490696,2164942,32537,94773,61218,null,null,29004,4490696,2164943,61217
Admin,2/22/21,US,1390057,608828,755528,71260626,47713880,22546293,682962,1473043,768886,null,null,755600,47713880,22548055,768949
Report,2/22/21,US,null,null,null,null,null,null,null,null,null,1086840,1416701,null,null,null,null
Admin,2/22/21,LTC,94385,29205,64288,6798838,4519901,2229230,31221,93157,60896,null,null,64288,4519901,2229231,60896
Admin,2/23/21,US,1852780,855165,965497,73113406,48569045,23511790,693081,1514936,799169,null,null,965557,48569045,23513612,799236
Report,2/23/21,US,null,null,null,null,null,null,null,null,null,854609,1401674,null,null,null,null
Admin,2/23/21,LTC,93398,29908,62491,6892236,4549809,2291721,29442,90310,59822,null,null,62491,4549809,2291722,59822
Admin,2/24/21,US,2406248,1217851,1158234,75519654,49786896,24670024,735597,1587761,828378,null,null,1158346,49786896,24671958,828453
Report,2/24/21,US,null,null,null,null,null,null,null,null,null,1432864,1454731,null,null,null,null
Admin,2/24/21,LTC,105385,38084,66512,6997621,4587893,2358233,29074,88530,58490,null,null,66512,4587893,2358234,58490
Admin,2/25/21,US,2793351,1498526,1256724,78313005,51285422,25926748,832662,1733288,875164,null,null,1256902,51285422,25928860,875255
Report,2/25/21,US,null,null,null,null,null,null,null,null,null,1809170,1505193,null,null,null,null
Admin,2/25/21,LTC,110443,42038,67432,7108064,4629931,2425665,29825,88354,57649,null,null,67432,4629931,2425666,57649
Admin,2/26/21,US,2966499,1637472,1297014,81279504,52922894,27223762,949965,1888018,911832,null,null,1297104,52922894,27225964,911915
Report,2/26/21,US,null,null,null,null,null,null,null,null,null,2179947,1552717,null,null,null,null
Admin,2/26/21,LTC,70241,22433,46748,7178305,4652364,2472413,27691,82396,53876,null,null,46748,4652364,2472414,53875
Admin,2/27/21,US,1903241,1112904,769658,83182745,54035798,27993420,1024598,1980621,929134,null,null,769927,54035798,27995891,929251
Report,2/27/21,US,null,null,null,null,null,null,null,null,null,2352116,1645240,null,null,null,null
Admin,2/27/21,LTC,42479,13160,28806,7220784,4665524,2501219,26805,79806,52183,null,null,28806,4665524,2501220,52183
Admin,2/28/21,US,799762,517609,270115,83982507,54553407,28263535,1064051,2015991,924681,null,null,270159,54553407,28266050,924799
Report,2/28/21,US,null,null,null,null,null,null,null,null,null,2429823,1735053,null,null,null,null
Admin,2/28/21,LTC,21662,6260,15095,7242446,4671784,2516314,25870,76856,50196,null,null,15095,4671784,2516315,50196
Admin,3/1/21,US,1820243,1084358,709568,85802750,55637765,28973103,1131984,2077446,918116,null,null,710317,55637765,28976367,918330
Report,3/1/21,US,null,null,null,null,null,null,null,null,null,1663984,1817502,null,null,null,null
Admin,3/1/21,LTC,37759,12818,24546,7280205,4684602,2540860,23529,68766,44519,null,null,24546,4684602,2540861,44518
Admin,3/2/21,US,2319023,1402715,894395,88121773,57040480,29867498,1210205,2144052,907958,null,null,895112,57040480,29871479,908266
Report,3/2/21,US,null,null,null,null,null,null,null,null,null,1731614,1942788,null,null,null,null
Admin,3/2/21,LTC,40803,14682,25753,7321008,4699284,2566613,21354,61253,39270,null,null,25756,4699284,2566617,39270
Admin,3/3/21,US,2769392,1689891,1053686,90891165,58730371,30921184,1277639,2195930,893023,null,null,1063778,58730371,30935257,894757
Report,3/3/21,US,null,null,null,null,null,null,null,null,null,1908873,2010790,null,null,null,null
Admin,3/3/21,LTC,41320,12901,28109,7362328,4712185,2594722,17756,52101,33784,null,null,28111,4712185,2594728,33784
Admin,3/4/21,US,3050248,1898767,1121203,93941413,60629138,32042387,1334817,2232629,873663,null,null,1168714,60629138,32103971,882158
Report,3/4/21,US,null,null,null,null,null,null,null,null,null,2032374,2042676,null,null,null,null
Admin,3/4/21,LTC,40785,11596,28782,7403113,4723781,2623504,13407,42149,28263,null,null,28782,4723781,2623510,28263
Admin,3/5/21,US,3073968,1948708,1104487,97015381,62577846,33146874,1379279,2247982,846159,null,null,1226772,62577846,33330743,872111
Report,3/5/21,US,null,null,null,null,null,null,null,null,null,2435246,2079147,null,null,null,null
Admin,3/5/21,LTC,39742,12719,26533,7442855,4736500,2650037,12019,37792,25375,null,null,26540,4736500,2650050,25376
Admin,3/6/21,US,1966941,1308084,646717,98982322,63885930,33793591,1407162,2257082,828596,null,null,818894,63885930,34149637,879106
Report,3/6/21,US,null,null,null,null,null,null,null,null,null,2904229,2158020,null,null,null,null
Admin,3/6/21,LTC,16599,5110,11304,7459454,4741610,2661341,10869,34095,22875,null,null,11363,4741610,2661413,22884
Admin,3/7/21,US,867215,643966,219096,99849537,64529896,34012687,1425213,2266718,821307,null,null,319062,64529896,34468699,886092
Report,3/7/21,US,null,null,null,null,null,null,null,null,null,2439427,2159392,null,null,null,null
Admin,3/7/21,LTC,10699,3315,7148,7470153,4744925,2668489,10449,32529,21739,null,null,7150,4744925,2668563,21749
Admin,3/8/21,US,2042940,1424342,605949,101892477,65954238,34618636,1473782,2298532,806505,null,null,797889,65954238,35266588,898603
Report,3/8/21,US,null,null,null,null,null,null,null,null,null,1738102,2169981,null,null,null,null
Admin,3/8/21,LTC,24097,7518,16307,7494250,4752443,2684796,9692,30577,20562,null,null,16309,4752443,2684872,20573
Admin,3/9/21,US,2554741,1734859,806836,104447218,67689097,35425472,1521231,2332206,793996,null,null,1011676,67689097,36278264,915255
Report,3/9/21,US,null,null,null,null,null,null,null,null,null,1602746,2151571,null,null,null,null
Admin,3/9/21,LTC,27106,9339,17568,7521356,4761782,2702364,8928,28621,19393,null,null,17569,4761782,2702441,19403
Admin,3/10/21,US,3000633,2013168,968777,107447851,69702265,36394249,1567413,2365240,781866,null,null,1205857,69702265,37484121,935552
Report,3/10/21,US,null,null,null,null,null,null,null,null,null,2028692,2168688,null,null,null,null
Admin,3/10/21,LTC,23699,7660,15821,7545055,4769442,2718185,8180,26103,17638,null,null,15822,4769442,2718263,17647
Admin,3/11/21,US,3326549,2229583,1069864,110774400,71931848,37464113,1614673,2404712,774532,null,null,1333985,71931848,38818106,959162
Report,3/11/21,US,null,null,null,null,null,null,null,null,null,2482603,2233006,null,null,null,null
Admin,3/11/21,LTC,22611,6954,15400,7567666,4776396,2733585,7516,23507,15726,null,null,15406,4776396,2733669,15737
Admin,3/12/21,US,3294478,2066572,1190235,114068878,73998420,38654348,1631511,2436213,786782,null,null,1446768,73998420,40264874,990590
Report,3/12/21,US,null,null,null,null,null,null,null,null,null,2924112,2302844,null,null,null,null
Admin,3/12/21,LTC,22213,7511,14390,7589879,4783907,2747975,6772,21003,13991,null,null,14402,4783907,2748071,14003
Admin,3/13/21,US,2103607,1357414,725882,116172485,75355834,39380230,1638558,2455737,798091,null,null,966298,75355834,41231172,1011647
Report,3/13/21,US,null,null,null,null,null,null,null,null,null,3234490,2350025,null,null,null,null
Admin,3/13/21,LTC,10264,2655,7506,7600143,4786562,2755481,6422,20098,13449,null,null,7508,4786562,2755579,13452
Admin,3/14/21,US,927858,631214,284498,117100343,75987048,39664728,1636736,2464400,807434,null,null,393478,75987048,41624650,1022278
Report,3/14/21,US,null,null,null,null,null,null,null,null,null,2697779,2386932,null,null,null,null
Admin,3/14/21,LTC,7942,1761,6066,7608085,4788323,2761547,6200,19704,13294,null,null,6069,4788323,2761648,13297
Admin,3/15/21,US,2148846,1437387,687724,119249189,77424435,40352452,1638600,2479530,819117,null,null,815544,77424435,42440194,1024800
Report,3/15/21,US,null,null,null,null,null,null,null,null,null,2021586,2427430,null,null,null,null
Admin,3/15/21,LTC,15061,4396,10022,7623146,4792719,2771569,5754,18413,12396,null,null,10031,4792719,2771679,12401
Admin,3/16/21,US,2751413,1877966,855981,122000602,79302401,41208433,1659043,2507626,826137,null,null,985663,79302401,43425857,1021084
Report,3/16/21,US,null,null,null,null,null,null,null,null,null,1655996,2435037,null,null,null,null
Admin,3/16/21,LTC,14401,4903,9315,7637547,4797622,2780884,5120,16598,11217,null,null,9318,4797622,2780997,11222
Admin,3/17/21,US,3026707,2074988,934248,125027309,81377389,42142681,1667875,2511351,821205,null,null,1062726,81377389,44488583,1000637
Report,3/17/21,US,null,null,null,null,null,null,null,null,null,2299771,2473762,null,null,null,null
Admin,3/17/21,LTC,15000,4984,9898,7652547,4802606,2790782,4738,15356,10371,null,null,9900,4802606,2790897,10376
Admin,3/18/21,US,3241521,2230423,993726,128268830,83607812,43136407,1667995,2499204,810328,null,null,1131033,83607812,45619616,971644
Report,3/18/21,US,null,null,null,null,null,null,null,null,null,2692381,2503731,null,null,null,null
Admin,3/18/21,LTC,14969,4870,9947,7667516,4807476,2800729,4440,14264,9592,null,null,9964,4807476,2800861,9598
Admin,3/19/21,US,3175931,2161934,995993,131444761,85769746,44132400,1681618,2482269,782579,null,null,1145020,85769746,46764636,928537
Report,3/19/21,US,null,null,null,null,null,null,null,null,null,2583810,2455116,null,null,null,null
Admin,3/19/21,LTC,13900,4437,9275,7681416,4811913,2810004,4001,13076,8861,null,null,9302,4811913,2810163,8870
Admin,3/20/21,US,2056055,1371551,674638,133500816,87141297,44807038,1683638,2475475,775258,null,null,810084,87141297,47574720,906221
Report,3/20/21,US,null,null,null,null,null,null,null,null,null,3127679,2439857,null,null,null,null
Admin,3/20/21,LTC,6753,1618,5041,7688169,4813531,2815045,3853,12575,8509,null,null,5044,4813531,2815207,8518
Admin,3/21/21,US,958476,658926,293972,134459292,87800223,45101010,1687596,2479849,776612,null,null,341856,87800223,47916576,898846
Report,3/21/21,US,null,null,null,null,null,null,null,null,null,3039915,2488734,null,null,null,null
Admin,3/21/21,LTC,3435,1000,2382,7691604,4814531,2817427,3744,11931,7983,null,null,2383,4814531,2817590,7991
Admin,3/22/21,US,2232395,1555327,664870,136691687,89355550,45765880,1704445,2491785,773347,null,null,747436,89355550,48664012,889116
Report,3/22/21,US,null,null,null,null,null,null,null,null,null,2028324,2489697,null,null,null,null
Admin,3/22/21,LTC,8066,2765,5083,7699670,4817296,2822510,3511,10932,7277,null,null,5094,4817296,2822684,7286
Admin,3/23/21,US,2923024,1948400,957897,139614711,91303950,46723777,1714507,2516301,787906,null,null,1062873,91303950,49726885,900146
Report,3/23/21,US,null,null,null,null,null,null,null,null,null,1707293,2497025,null,null,null,null
Admin,3/23/21,LTC,7157,2862,4259,7706827,4820158,2826769,3219,9897,6555,null,null,4340,4820158,2827024,6575
Admin,3/24/21,US,3394613,2158924,1215718,143009324,93462874,47939495,1726498,2568859,828116,null,null,1328340,93462874,51055225,938091
Report,3/24/21,US,null,null,null,null,null,null,null,null,null,2256824,2490889,null,null,null,null
Admin,3/24/21,LTC,7287,2986,4241,7714114,4823144,2831010,2934,8795,5747,null,null,4655,4823144,2831679,5826
Admin,3/25/21,US,3663335,2220883,1418965,146672659,95683757,49358460,1725135,2629118,888865,null,null,1541781,95683757,52597006,996770
Report,3/25/21,US,null,null,null,null,null,null,null,null,null,2831442,2510755,null,null,null,null
Admin,3/25/21,LTC,7660,3118,4446,7721774,4826262,2835456,2684,7751,4961,null,null,4715,4826262,2836394,5076
Admin,3/26/21,US,3656266,2073221,1562970,150328925,97756978,50921430,1712462,2697737,969861,null,null,1685139,97756978,54282145,1073929
Report,3/26/21,US,null,null,null,null,null,null,null,null,null,3379393,2624410,null,null,null,null
Admin,3/26/21,LTC,6828,3118,3593,7728602,4829380,2839049,2495,6740,4149,null,null,3792,4829380,2840186,4289
Admin,3/27/21,US,2368733,1345733,1009500,152697658,99102711,51930930,1708773,2742406,1017699,null,null,1095952,99102711,55378097,1114768
Report,3/27/21,US,null,null,null,null,null,null,null,null,null,3496047,2677034,null,null,null,null
Admin,3/27/21,LTC,1600,395,1190,7730202,4829775,2840239,2321,6004,3599,null,null,1205,4829775,2841391,3740
Admin,3/28/21,US,1147211,661153,476264,153844869,99763864,52407194,1709092,2769368,1043741,null,null,505171,99763864,55883268,1138098
Report,3/28/21,US,null,null,null,null,null,null,null,null,null,3281956,2711611,null,null,null,null
Admin,3/28/21,LTC,1059,286,760,7731261,4830061,2840999,2219,5665,3367,null,null,760,4830061,2842151,3508
Admin,3/29/21,US,2669341,1563927,1088636,156514210,101327791,53495830,1710320,2831789,1104279,null,null,1170413,101327791,57053681,1198524
Report,3/29/21,US,null,null,null,null,null,null,null,null,null,2350144,2757586,null,null,null,null
Admin,3/29/21,LTC,4206,1960,2167,7735467,4832021,2843166,2104,5113,2951,null,null,2284,4832021,2844435,3107
Admin,3/30/21,US,3383772,1978336,1387744,159897982,103306127,54883574,1714597,2897610,1165685,null,null,1508462,103306127,58562143,1262179
Report,3/30/21,US,null,null,null,null,null,null,null,null,null,1789510,2769331,null,null,null,null
Admin,3/30/21,LTC,4199,2059,2113,7739666,4834080,2845279,1989,4691,2644,null,null,2569,4834080,2847004,2854
Admin,3/31/21,US,3963844,2357651,1585470,163861826,105663778,56469044,1742986,2978928,1218507,null,null,1800472,105663778,60362615,1329627
Report,3/31/21,US,null,null,null,null,null,null,null,null,null,2670947,2828491,null,null,null,null
Admin,3/31/21,LTC,4097,2308,1719,7743763,4836388,2846998,1892,4235,2284,null,null,2326,4836388,2849330,2521
Admin,4/1/21,US,4249224,2437368,1786167,168111050,108101146,58255211,1773913,3062627,1270964,null,null,2058269,108101146,62420884,1403411
Report,4/1/21,US,null,null,null,null,null,null,null,null,null,3358112,2903730,null,null,null,null
Admin,4/1/21,LTC,4606,2362,1349,7748369,4838750,2848347,1784,3799,1842,null,null,1862,4838750,2851192,2114
Admin,4/2/21,US,3475780,2008844,1442637,171586830,110109990,59697848,1764716,3036843,1253774,null,null,1686408,110109990,64107292,1403592
Report,4/2/21,US,null,null,null,null,null,null,null,null,null,3975059,2988825,null,null,null,null
Admin,4/2/21,LTC,4969,1343,1357,7753338,4840093,2849704,1530,3533,1522,null,null,1697,4840093,2852889,1814
Admin,4/3/21,US,2194762,1291809,889316,173781592,111401799,60587164,1757013,3011990,1236605,null,null,1076109,111401799,65183401,1400757
Report,4/3/21,US,null,null,null,null,null,null,null,null,null,4081959,3072527,null,null,null,null
Admin,4/3/21,LTC,1283,294,418,7754621,4840387,2850122,1516,3488,1412,null,null,418,4840387,2853307,1702
Admin,4/4/21,US,711462,420213,285225,174493054,111822012,60872389,1722593,2949740,1209314,null,null,338528,111822012,65521929,1376951
Report,4/4/21,US,null,null,null,null,null,null,null,null,null,3365324,3084436,null,null,null,null
Admin,4/4/21,LTC,195,86,93,7754816,4840473,2850215,1487,3365,1317,null,null,94,4840473,2853401,1607
Admin,4/5/21,US,2909249,1675139,1218704,177402303,113497151,62091093,1738480,2984013,1227895,null,null,1469891,113497151,66991820,1419734
Report,4/5/21,US,null,null,null,null,null,null,null,null,null,2134049,3053566,null,null,null,null
Admin,4/5/21,LTC,2715,1801,892,7757531,4842274,2851107,1465,3152,1134,null,null,1132,4842274,2854533,1442
Admin,4/6/21,US,3733380,2204719,1510757,181135683,115701870,63601850,1770820,3033957,1245468,null,null,1918395,115701870,68910215,1478296
Report,4/6/21,US,null,null,null,null,null,null,null,null,null,1404280,2998533,null,null,null,null
Admin,4/6/21,LTC,3637,2270,1358,7761168,4844544,2852465,1495,3071,1027,null,null,2150,4844544,2856683,1382
Admin,4/7/21,US,4022701,2415828,1589541,185158384,118117698,65191391,1779131,3042365,1246050,null,null,2104285,118117698,71014500,1521697
Report,4/7/21,US,null,null,null,null,null,null,null,null,null,2884580,3029052,null,null,null,null
Admin,4/7/21,LTC,3850,2662,1165,7765018,4847206,2853630,1545,3036,947,null,null,1838,4847206,2858521,1313
Admin,4/8/21,US,4030169,2363677,1647399,189188553,120481375,66838790,1768604,3011071,1226226,null,null,2208326,120481375,73222826,1543134
Report,4/8/21,US,null,null,null,null,null,null,null,null,null,3403061,3035473,null,null,null,null
Admin,4/8/21,LTC,3428,2221,1189,7768446,4849427,2854819,1525,2868,925,null,null,2023,4849427,2860544,1336
Admin,4/9/21,US,4073115,2357271,1692120,193261668,122838646,68530910,1818379,3096405,1261866,null,null,2261268,122838646,75484094,1625257
Report,4/9/21,US,null,null,null,null,null,null,null,null,null,3958065,3033045,null,null,null,null
Admin,4/9/21,LTC,3304,2254,1032,7771750,4851681,2855851,1655,2630,878,null,null,1848,4851681,2862392,1357
Admin,4/10/21,US,2733101,1666785,1053677,195994769,124505431,69584587,1871947,3173311,1285346,null,null,1551317,124505431,77035411,1693144
Report,4/10/21,US,null,null,null,null,null,null,null,null,null,4629928,3111327,null,null,null,null
Admin,4/10/21,LTC,298,107,189,7772048,4851788,2856040,1629,2489,845,null,null,190,4851788,2862582,1325
Admin,4/11/21,US,1329011,812645,510512,197323780,125318076,70095099,1928009,3261532,1317530,null,null,748797,125318076,77784208,1751754
Report,4/11/21,US,null,null,null,null,null,null,null,null,null,3579422,3141912,null,null,null,null
Admin,4/11/21,LTC,406,80,324,7772454,4851868,2856364,1628,2519,878,null,null,335,4851868,2862917,1359
Admin,4/12/21,US,2820743,1578139,1229757,200144523,126896215,71324856,1914152,3248888,1319109,null,null,1580934,126896215,79365142,1767617
Report,4/12/21,US,null,null,null,null,null,null,null,null,null,2644914,3214893,null,null,null,null
Admin,4/12/21,LTC,2351,1606,727,7774805,4853474,2857091,1600,2467,855,null,null,1193,4853474,2864110,1368
Admin,4/13/21,US,3292297,1699605,1578438,203436820,128595820,72903294,1841993,3185876,1328778,null,null,1600695,128595820,80965837,1722231
Report,4/13/21,US,null,null,null,null,null,null,null,null,null,2590736,3384387,null,null,null,null
Admin,4/13/21,LTC,2308,1438,853,7777113,4854912,2857944,1481,2277,783,null,null,853,4854912,2864963,1182
Admin,4/14/21,US,3492375,1696986,1781151,206929195,130292806,74684445,1739301,3110115,1356151,null,null,1784011,130292806,82749848,1676478
Report,4/14/21,US,null,null,null,null,null,null,null,null,null,2509055,3330740,null,null,null,null
Admin,4/14/21,LTC,1740,1178,557,7778853,4856090,2858501,1269,1976,696,null,null,557,4856090,2865520,999
Admin,4/15/21,US,3514487,1702871,1798674,210443682,131995677,76483119,1644900,3036447,1377761,null,null,1800790,131995677,84550638,1618258
Report,4/15/21,US,null,null,null,null,null,null,null,null,null,3525204,3348189,null,null,null,null
Admin,4/15/21,LTC,2900,1851,1047,7781753,4857941,2859548,1216,1901,676,null,null,1047,4857941,2866567,860
Admin,4/16/21,US,3379229,1585915,1780655,213822911,133581592,78263774,1534707,2937320,1390409,null,null,1782263,133581592,86332901,1549829
Report,4/16/21,US,null,null,null,null,null,null,null,null,null,3965883,3349306,null,null,null,null
Admin,4/16/21,LTC,2076,1175,883,7783829,4859116,2860431,1062,1725,654,null,null,884,4859116,2867451,722
Admin,4/17/21,US,2203448,1117881,1079804,216026359,134699473,79343578,1456292,2861655,1394142,null,null,1080238,134699473,87413139,1482532
Report,4/17/21,US,null,null,null,null,null,null,null,null,null,3588990,3200601,null,null,null,null
Admin,4/17/21,LTC,134,63,70,7783963,4859179,2860501,1056,1702,637,null,null,70,4859179,2867521,705
Admin,4/18/21,US,1008350,499158,506364,217034709,135198631,79849942,1411508,2815847,1393549,null,null,506563,135198631,87919702,1447927
Report,4/18/21,US,null,null,null,null,null,null,null,null,null,3534901,3194240,null,null,null,null
Admin,4/18/21,LTC,90,38,52,7784053,4859217,2860553,1050,1657,598,null,null,52,4859217,2867573,665
Admin,4/19/21,US,2367101,1032185,1325672,219401810,136230816,81175614,1333514,2751041,1407251,null,null,1326935,136230816,89246637,1411642
Report,4/19/21,US,null,null,null,null,null,null,null,null,null,2174495,3127038,null,null,null,null
Admin,4/19/21,LTC,1540,1071,467,7785593,4860288,2861020,973,1541,561,null,null,467,4860288,2868040,561
Admin,4/20/21,US,2961500,1300506,1649664,222363310,137531322,82825278,1276500,2703784,1417426,null,null,1650166,137531322,90896803,1418709
Report,4/20/21,US,null,null,null,null,null,null,null,null,null,1806929,3015065,null,null,null,null
Admin,4/20/21,LTC,2178,1821,356,7787771,4862109,2861376,1028,1522,490,null,null,356,4862109,2868396,490
Admin,4/21/21,US,3108151,1269216,1828836,225471461,138800538,84654114,1215390,2648895,1424238,null,null,1829550,138800538,92726353,1425215
Report,4/21/21,US,null,null,null,null,null,null,null,null,null,2563671,3022868,null,null,null,null
Admin,4/21/21,LTC,2283,1514,753,7790054,4863623,2862129,1076,1600,518,null,null,753,4863623,2869149,518
Admin,4/22/21,US,3168383,1310856,1848204,228639844,140111394,86502318,1159388,2599451,1431314,null,null,1848735,140111394,94575088,1432064
Report,4/22/21,US,null,null,null,null,null,null,null,null,null,2995734,2947229,null,null,null,null
Admin,4/22/21,LTC,2245,1567,668,7792299,4865190,2862797,1036,1506,464,null,null,668,4865190,2869817,464
Admin,4/23/21,US,2969632,1253579,1707029,231609476,141364973,88209347,1111912,2540937,1420796,null,null,1707517,141364973,96282605,1421386
Report,4/23/21,US,null,null,null,null,null,null,null,null,null,3374587,2862758,null,null,null,null
Admin,4/23/21,LTC,1134,703,428,7793433,4865893,2863225,968,1372,399,null,null,428,4865893,2870245,399
Admin,4/24/21,US,2014432,945427,1064210,233623908,142310400,89273557,1087275,2513935,1418568,null,null,1067471,142310400,97350076,1419562
Report,4/24/21,US,null,null,null,null,null,null,null,null,null,3318230,2824078,null,null,null,null
Admin,4/24/21,LTC,93,37,55,7793526,4865930,2863280,964,1366,397,null,null,55,4865930,2870300,397
Admin,4/25/21,US,914118,468931,443395,234538026,142779331,89716952,1082957,2500473,1409573,null,null,447187,142779331,97797263,1411080
Report,4/25/21,US,null,null,null,null,null,null,null,null,null,3020948,2750656,null,null,null,null
Admin,4/25/21,LTC,71,19,43,7793597,4865949,2863323,962,1363,396,null,null,44,4865949,2870344,395
Admin,4/26/21,US,1986420,801355,1178559,236524446,143580686,90895511,1049981,2446090,1388557,null,null,1192595,143580686,98989858,1391888
Report,4/26/21,US,null,null,null,null,null,null,null,null,null,2107046,2741021,null,null,null,null
Admin,4/26/21,LTC,1309,934,373,7794906,4866883,2863696,942,1330,382,null,null,383,4866883,2870727,383
Admin,4/27/21,US,2410319,951219,1451763,238934765,144531905,92347274,1000083,2367350,1360285,null,null,1492707,144531905,100482565,1369394
Report,4/27/21,US,null,null,null,null,null,null,null,null,null,1639215,2717062,null,null,null,null
Admin,4/27/21,LTC,2220,1517,697,7797126,4868400,2864393,899,1336,431,null,null,753,4868400,2871480,440
Admin,4/28/21,US,2599265,1009914,1582818,241534030,145541819,93930092,963040,2294652,1325140,null,null,1640939,145541819,102123504,1342450
Report,4/28/21,US,null,null,null,null,null,null,null,null,null,2231745,2669644,null,null,null,null
Admin,4/28/21,LTC,1801,1317,481,7798927,4869717,2864874,871,1267,392,null,null,519,4869717,2871999,407
Admin,4/29/21,US,2293616,870140,1417434,243827646,146411959,95347526,900081,2169686,1263601,null,null,1484097,146411959,103607601,1290359
Report,4/29/21,US,null,null,null,null,null,null,null,null,null,2721079,2630407,null,null,null,null
Admin,4/29/21,LTC,1907,1423,414,7800834,4871140,2865288,850,1219,356,null,null,619,4871140,2872618,400
Admin,4/30/21,US,1569097,570332,995302,245396743,146982291,96342828,802474,1969609,1161926,null,null,1033368,146982291,104640969,1194052
Report,4/30/21,US,null,null,null,null,null,null,null,null,null,2799184,2548207,null,null,null,null
Admin,4/30/21,LTC,825,545,214,7801659,4871685,2865502,827,1175,325,null,null,252,4871685,2872870,375
Admin,5/1/21,US,194726,64721,129709,245591469,147047012,96472537,676659,1709651,1028426,null,null,133686,147047012,104774655,1060654
Report,5/1/21,US,null,null,null,null,null,null,null,null,null,3303794,2546144,null,null,null,null
Admin,5/1/21,LTC,0,0,0,7801659,4871685,2865502,822,1161,317,null,null,0,4871685,2872870,367
Admin,5/2/21,US,0,0,0,245591469,147047012,96472537,609669,1579063,965084,null,null,0,147047012,104774655,996770
Report,5/2/21,US,null,null,null,null,null,null,null,null,null,2127998,2418580,null,null,null,null
Admin,5/2/21,LTC,0,0,0,7801659,4871685,2865502,819,1151,311,null,null,0,4871685,2872870,360
,,,,,,,,,,,,,,,,,
,,,,,,,,,,,,,,,,,